price_bucket_cents,seconds_left,settled_yes_pct,windows,ci_low_pct,ci_high_pct,mean_published_pct
0-10,120,6.79,1560,5.65,8.15,5.34
0-10,300,7.59,1580,6.39,9.01,6.94
0-10,480,8.20,439,5.98,11.14,6.24
0-10,720,16.92,65,9.72,27.82,9.80
0-10,all,8.23,2660,7.25,9.34,6.28
10-20,480,12.06,630,9.75,14.84,10.94
10-20,720,18.82,255,14.50,24.07,17.16
10-20,all,14.37,835,12.15,16.91,12.65
20-30,120,23.36,488,19.82,27.31,24.35
20-30,300,22.05,889,19.45,24.89,21.53
20-30,480,21.54,1114,19.23,24.05,22.09
20-30,720,28.30,1060,25.67,31.09,26.61
20-30,all,24.36,2681,22.77,26.02,23.69
30-40,900,51.43,70,39.95,62.75,30.91
30-40,all,51.43,70,39.95,62.75,30.91
40-50,120,46.27,469,41.80,50.79,48.27
40-50,300,42.90,951,39.79,46.07,43.51
40-50,480,40.73,1483,38.25,43.25,41.41
40-50,720,40.20,2450,38.28,42.16,40.76
40-50,900,47.95,4380,46.47,49.43,45.03
40-50,all,46.40,5604,45.09,47.70,43.61
50-60,900,54.01,2405,52.02,56.00,58.29
50-60,all,54.01,2405,52.02,56.00,58.29
60-70,300,66.11,897,62.95,69.13,68.52
60-70,480,65.44,1328,62.84,67.95,66.47
60-70,720,63.39,2002,61.25,65.47,64.00
60-70,all,63.91,3123,62.21,65.58,65.60
70-80,120,70.89,481,66.68,74.78,75.31
70-80,720,78.91,768,75.88,81.64,79.57
70-80,all,75.64,1211,73.14,77.97,77.91
80-90,120,82.84,408,78.88,86.19,89.21
80-90,300,83.72,811,81.03,86.10,85.52
80-90,480,83.23,942,80.71,85.48,83.90
80-90,720,84.62,195,78.89,89.01,88.02
80-90,all,82.43,1912,80.66,84.07,85.71
90-100,120,95.61,1434,94.42,96.55,97.49
90-100,300,95.00,1319,93.68,96.05,96.74
90-100,480,92.96,852,91.04,94.49,94.21
90-100,all,93.70,2413,92.66,94.60,96.51
