attribute,kalshi_kxbtc15m,polymarket_btc_15m
Contract shape,One binary per window: is BTC above the window open?,One binary per window: is BTC above the window open?
Strikes per window,"One. 0 of 6,995 settled windows carried more.",One.
Settlement index,CF Benchmarks BRTI,Chainlink BTC/USD stream
Settlement endpoint,60-second average of roughly 60 index prints,A single print at the window boundary
Ties,Not applicable: an average almost never ties exactly,Resolve Up (the condition is >=)
Window length,"15 minutes, opening on the quarter hour","15 minutes, opening on the quarter hour"
Window named by,"Close time, in the ticker (KXBTC15M-YYMMMDDHHMM)","Start time, in the slug"
Taker fee,"0.07 x C x p x (1 - p), rounded up to the cent per order","0.0695 x C x p x (1 - p), banker's rounding (US, effective 2026-09-17)"
Maker fee,None,"-0.0125 x C x p x (1 - p), a rebate"
Settlement history published by Sardine,"Yes, see the base rates page",Not yet published
