price_cents,fee_per_contract_cents_order_100,fee_single_contract_cents,breakeven_win_rate_pct
1,0.0700,1.00,1.07
2,0.1400,1.00,2.14
3,0.2100,1.00,3.21
4,0.2700,1.00,4.27
5,0.3400,1.00,5.34
6,0.4000,1.00,6.40
7,0.4600,1.00,7.46
8,0.5200,1.00,8.52
9,0.5800,1.00,9.58
10,0.6400,1.00,10.64
11,0.6900,1.00,11.69
12,0.7400,1.00,12.74
13,0.8000,1.00,13.80
14,0.8500,1.00,14.85
15,0.9000,1.00,15.90
16,0.9500,1.00,16.95
17,0.9900,1.00,17.99
18,1.0400,2.00,19.04
19,1.0800,2.00,20.08
20,1.1300,2.00,21.13
21,1.1700,2.00,22.17
22,1.2100,2.00,23.21
23,1.2400,2.00,24.24
24,1.2800,2.00,25.28
25,1.3200,2.00,26.32
26,1.3500,2.00,27.35
27,1.3800,2.00,28.38
28,1.4200,2.00,29.42
29,1.4500,2.00,30.45
30,1.4700,2.00,31.47
31,1.5000,2.00,32.50
32,1.5300,2.00,33.53
33,1.5500,2.00,34.55
34,1.5800,2.00,35.58
35,1.6000,2.00,36.60
36,1.6200,2.00,37.62
37,1.6400,2.00,38.64
38,1.6500,2.00,39.65
39,1.6700,2.00,40.67
40,1.6900,2.00,41.69
41,1.7000,2.00,42.70
42,1.7100,2.00,43.71
43,1.7200,2.00,44.72
44,1.7300,2.00,45.73
45,1.7400,2.00,46.74
46,1.7400,2.00,47.74
47,1.7500,2.00,48.75
48,1.7500,2.00,49.75
49,1.7500,2.00,50.75
50,1.7600,2.00,51.76
51,1.7500,2.00,52.75
52,1.7500,2.00,53.75
53,1.7500,2.00,54.75
54,1.7400,2.00,55.74
55,1.7400,2.00,56.74
56,1.7300,2.00,57.73
57,1.7200,2.00,58.72
58,1.7100,2.00,59.71
59,1.7000,2.00,60.70
60,1.6900,2.00,61.69
61,1.6700,2.00,62.67
62,1.6500,2.00,63.65
63,1.6400,2.00,64.64
64,1.6200,2.00,65.62
65,1.6000,2.00,66.60
66,1.5800,2.00,67.58
67,1.5500,2.00,68.55
68,1.5300,2.00,69.53
69,1.5000,2.00,70.50
70,1.4800,2.00,71.48
71,1.4500,2.00,72.45
72,1.4200,2.00,73.42
73,1.3800,2.00,74.38
74,1.3500,2.00,75.35
75,1.3200,2.00,76.32
76,1.2800,2.00,77.28
77,1.2400,2.00,78.24
78,1.2100,2.00,79.21
79,1.1700,2.00,80.17
80,1.1200,2.00,81.12
81,1.0800,2.00,82.08
82,1.0400,2.00,83.04
83,0.9900,1.00,83.99
84,0.9500,1.00,84.95
85,0.9000,1.00,85.90
86,0.8500,1.00,86.85
87,0.8000,1.00,87.80
88,0.7400,1.00,88.74
89,0.6900,1.00,89.69
90,0.6300,1.00,90.63
91,0.5800,1.00,91.58
92,0.5200,1.00,92.52
93,0.4600,1.00,93.46
94,0.4000,1.00,94.40
95,0.3400,1.00,95.34
96,0.2700,1.00,96.27
97,0.2100,1.00,97.21
98,0.1400,1.00,98.14
99,0.0700,1.00,99.07
